left,right
3si security systems,sim
"all-comm technologies,inc.",cepia-technologies
at&t wireless services,polaris wireless
"cellebrite usa,corp.",cellebrite
city of cambridge,cambridge consultants
communications laboratories inc,laboratory pps
digital audio corporation,digitalrf
digital audio corporation,one digital
digital audio corporation,pine digital security
federal express corporation,federal signal technologies
federal signal corp.,federal signal technologies
gfa enterprises,ezzy enterprise
global technology systems,global security network
global technology systems,global forensics
"gps intelligence, llc d/b/a",pki electronic intelligence
"gps intelligence, llc d/b/a",wolf intelligence
"gps intelligence, llc d/b/a",sun tech intelligence
guidance software,guidance software
"harris corporation, gcsd",harris
"harris corporation, gcsd",harris-tech
"harris corporation, gcsd",harris tech
ibm corporation,mib electronic
image communication,sagem
image communication,magen
immixtechnology,cepia-technologies
immixtechnology,neurotechnology
international trauma center,speech technology center
isys-intelligent system solutions corp,intelligentias
"keville enterprise,inc.",ezzy enterprise
mcr technologies,mcm solutions
mtm recognition corp.,human recognition systems
mtm recognition corp.,ndi recognition systems
northrop grumman information technology,northrop grumman
northrop grumman systems corp.,northrop grumman
pacer service center,speech technology center
paraben corporation,paraben
promega corporation,meganet
r.a.d. systems,xad communications
"salient stills, inc.",salient stills
"smith, brad",smith myers
"smith, jenny",smith myers
spex forensics,spei
"systematics, inc.",micro systemation
tactical medical solutions,vedicis
verizon communications,verint
verizon communications,verisis
pgi,agi
l-tech enterprises,ezzy enterprise
"geofeedia, inc.",geofeedia
"digital intelligence, inc.",pki electronic intelligence
"digital intelligence, inc.",wolf intelligence
"digital intelligence, inc.",sun tech intelligence
gi2 technologies,i2
gi2 technologies,agi
national ems institute inc,sas institute inc
"smith, dale",smith myers
veritiv,verint
veritiv,verisis
pen link ltd.,pen link
rexel,wirex
rexel,exelis
clearterra,cleartrail
"axon enterprise, inc.",ezzy enterprise
tritech software systems,vastech
tritech software systems,ctech
tritech software systems,avtech
tritech software systems,vastech
tritech software systems,mantech
tritech software systems,kjtech
gentex corporation,cogent
